"URL","Page name"
"https://www.danceready.org/","Home / Dance Ready Project danceready"
"https://www.danceready.org/about-us","About Us danceready"
"https://www.danceready.org/about-us/","About Us danceready"
"https://www.danceready.org/bios","bios danceready"
"https://www.danceready.org/bios/","ABOUT US danceready"
"https://www.danceready.org/login","Login danceready"
"https://www.danceready.org/education","Education danceready"
"https://www.danceready.org/affiliates","Affiliates danceready"
"https://www.danceready.org/events","Events danceready"
"https://www.danceready.org/talk-with-us","Talk with Us danceready"
"https://www.danceready.org/dance-ready-score","Dance Ready Score danceready"
"https://www.danceready.org/f/dancereadyscoreinfosession","Dance Ready Score Info Session danceready"
"https://www.danceready.org/stay-ready-dance-ready-conditioning-programs","STAY READY- Dance Ready Conditioning Programs danceready"
"https://www.danceready.org/courses/educational-modules","Educational Modules danceready"
"https://www.danceready.org/courses/dance-ready-conditioning-online","Dance Ready Conditioning ONLINE danceready"
"https://www.danceready.org/courses/the-dance-ready-project-teacher-training","The Dance Ready Project Teacher Training danceready"
"https://www.danceready.org/courses/dance-ready-score-course","Dance Ready Score Course danceready"
"https://www.danceready.org/courses/sleep","DRP Plans & Educational Modules / Sleep danceready"
"https://www.danceready.org/courses/seizure-protocol","Seizure Protocol danceready"